{"stats":{"minecraft:used":{"minecraft:crafting_table":1,"minecraft:furnace":1,"minecraft:blast_furnace":1},"minecraft:dropped":{"coinsje:copper_coin":1},"minecraft:crafted":{"coinsje:copper_coin_pile":7},"minecraft:custom":{"minecraft:time_since_rest":151267,"minecraft:crouch_one_cm":789,"minecraft:sprint_one_cm":147201,"minecraft:play_time":151267,"minecraft:damage_taken":40,"minecraft:walk_one_cm":142734,"minecraft:sneak_time":3012,"minecraft:bell_ring":6,"minecraft:drop":1,"minecraft:jump":556,"minecraft:interact_with_blast_furnace":5,"minecraft:leave_game":11,"minecraft:time_since_death":151267,"minecraft:climb_one_cm":3419,"minecraft:total_world_time":202425,"minecraft:interact_with_crafting_table":3,"minecraft:fall_one_cm":2317,"minecraft:fly_one_cm":1672125,"minecraft:horse_one_cm":237533},"minecraft:picked_up":{"coinsje:copper_coin":1}},"DataVersion":3465}