{
  "simplyswords:grant_book_on_first_join": {
    "criteria": {
      "tick": "2024-05-06 17:48:05 -0700"
    },
    "done": true
  },
  "minecraft:recipes/decorations/crafting_table": {
    "criteria": {
      "unlock_right_away": "2024-05-06 17:48:05 -0700"
    },
    "done": true
  },
  "lootr:root": {
    "criteria": {
      "always_true": "2024-05-06 17:48:05 -0700"
    },
    "done": true
  },
  "betterdeserttemples:root": {
    "criteria": {
      "always": "2024-05-06 17:48:05 -0700"
    },
    "done": true
  },
  "global:root": {
    "criteria": {
      "trigger": "2024-05-06 17:48:05 -0700"
    },
    "done": true
  },
  "vinery:main/root": {
    "criteria": {
      "seeds": "2024-05-06 17:48:05 -0700"
    },
    "done": true
  },
  "farmersdelight:main/root": {
    "criteria": {
      "seeds": "2024-05-06 17:48:05 -0700"
    },
    "done": true
  },
  "bakery:main/root": {
    "criteria": {
      "seeds": "2024-05-06 17:48:05 -0700"
    },
    "done": true
  },
  "global:scommander": {
    "criteria": {
      "trigger": "2024-05-06 17:48:05 -0700"
    },
    "done": true
  },
  "betterdungeons:root": {
    "criteria": {
      "always": "2024-05-06 17:48:05 -0700"
    },
    "done": true
  },
  "exposure:recipes/tools/camera": {
    "criteria": {
      "has_iron": "2024-05-06 17:48:05 -0700"
    },
    "done": true
  },
  "explosion_rebuilder:explosionfiller": {
    "criteria": {
      "trigger": "2024-05-06 17:48:05 -0700"
    },
    "done": true
  },
  "minecraft:adventure/adventuring_time": {
    "criteria": {
      "minecraft:snowy_slopes": "2024-05-06 18:02:29 -0700",
      "minecraft:cherry_grove": "2024-05-06 19:10:28 -0700",
      "minecraft:beach": "2024-05-06 19:14:46 -0700",
      "minecraft:river": "2024-05-06 17:50:22 -0700",
      "minecraft:forest": "2024-05-06 19:08:15 -0700",
      "minecraft:ocean": "2024-05-06 19:11:36 -0700",
      "minecraft:flower_forest": "2024-05-06 17:48:15 -0700",
      "minecraft:meadow": "2024-05-06 17:50:15 -0700",
      "minecraft:plains": "2024-05-06 17:48:59 -0700"
    },
    "done": false
  },
  "vinery:recipes/basket": {
    "criteria": {
      "has_wheat": "2024-05-06 17:56:08 -0700"
    },
    "done": true
  },
  "farmersdelight:recipes/food/wheat_dough_from_eggs": {
    "criteria": {
      "has_wheat": "2024-05-06 17:56:08 -0700"
    },
    "done": true
  },
  "farmersdelight:recipes/food/wheat_dough_from_water": {
    "criteria": {
      "has_wheat": "2024-05-06 17:56:08 -0700"
    },
    "done": true
  },
  "minecraft:recipes/food/bread": {
    "criteria": {
      "has_wheat": "2024-05-06 17:56:08 -0700"
    },
    "done": true
  },
  "minecraft:recipes/building_blocks/hay_block": {
    "criteria": {
      "has_wheat": "2024-05-06 17:56:08 -0700"
    },
    "done": true
  },
  "vinery:recipes/straw_hat": {
    "criteria": {
      "has_wheat": "2024-05-06 17:56:08 -0700"
    },
    "done": true
  },
  "farmersdelight:recipes/food/pie_crust": {
    "criteria": {
      "has_wheat": "2024-05-06 17:56:08 -0700"
    },
    "done": true
  },
  "minecraft:husbandry/tame_an_animal": {
    "criteria": {
      "tamed_animal": "2024-05-06 17:56:12 -0700"
    },
    "done": true
  },
  "fishofthieves:root": {
    "criteria": {
      "in_water": "2024-05-08 15:49:56 -0700"
    },
    "done": true
  },
  "minecraft:recipes/decorations/smoker": {
    "criteria": {
      "has_furnace": "2024-05-09 22:59:13 -0700"
    },
    "done": true
  },
  "minecraft:recipes/misc/coal": {
    "criteria": {
      "has_coal_block": "2024-05-09 22:59:19 -0700"
    },
    "done": true
  },
  "minecraft:recipes/decorations/chest": {
    "criteria": {
      "has_lots_of_items": "2024-05-09 22:59:42 -0700"
    },
    "done": true
  },
  "minecraft:recipes/redstone/lightning_rod": {
    "criteria": {
      "has_copper_ingot": "2024-05-09 22:59:42 -0700"
    },
    "done": true
  },
  "minecraft:recipes/building_blocks/copper_block": {
    "criteria": {
      "has_copper_ingot": "2024-05-09 22:59:42 -0700"
    },
    "done": true
  },
  "minecraft:recipes/tools/brush": {
    "criteria": {
      "has_copper_ingot": "2024-05-09 22:59:42 -0700"
    },
    "done": true
  },
  "dungeonnowloading:story/root": {
    "criteria": {
      "obtain_crafting_table": "2024-05-09 23:22:21 -0700"
    },
    "done": true
  },
  "aquamirae:adventure/root": {
    "criteria": {
      "crafting_table": "2024-05-09 23:22:21 -0700"
    },
    "done": true
  },
  "minecraft:story/root": {
    "criteria": {
      "crafting_table": "2024-05-09 23:22:21 -0700"
    },
    "done": true
  },
  "DataVersion": 3465
}