{
    "name": "§dWarping Enforcer Unit",
    "description": "§l§d§oThe Warper§r, or the §5§lSelf-Warping Quarantine Enforcer Unit§r§7 as named by the §bPrecursors§r§7, is a bio-mechanical life form created by the §bPrecursors race§r§7, belonging to the §aFauna§r§7 category. It can generate a §5§lteleportation gate§r§7, which it uses to warp itself and other life forms.",
    "powers": [
        "aquawarper:unstable_gateway",
        "aquawarper:warper_archives"
    ],
    "icon": "fwaystones:abyss_watcher",
    "unchoosable": false,
    "impact": 3
}