{
  "check_the_wiki_for_more_information": "https://qouteall.fun/immptl/wiki/Config-Options",
  "maxPortalLayer": 5,
  "lagAttackProof": true,
  "compatibilityRenderMode": false,
  "enableMirrorCreation": true,
  "enableCrossPortalSound": true,
  "pureMirror": false,
  "renderYourselfInPortal": true,
  "correctCrossPortalEntityRendering": true,
  "reducedPortalRendering": true,
  "netherPortalOverlay": false,
  "enableNetherPortalEffect": false,
  "enableClientPerformanceAdjustment": true,
  "checkModInfoFromInternet": true,
  "enableUpdateNotification": false,
  "sharedBlockMeshBufferOptimization": true,
  "enableClippingMechanism": true,
  "visibilityPrediction": true,
  "useDepthClampForPortalRendering": true,
  "enableCrossPortalView": true,
  "portalRenderLimit": 50,
  "doCheckGlError": false,
  "shaderpackWarning": true,
  "portalWandCursorAlignment": 2,
  "netherPortalMode": "vanilla",
  "endPortalMode": "vanilla",
  "enableWarning": true,
  "lightVanillaNetherPortalWhenCrouching": false,
  "enableAlternateDimensions": true,
  "enableServerPerformanceAdjustment": true,
  "enableDatapackPortalGen": true,
  "indirectLoadingRadiusCap": 8,
  "regularPortalLengthLimit": 64,
  "scaleLimit": 30,
  "easeCreativePermission": true,
  "easeCommandStickPermission": true,
  "portalsChangeGravityByDefault": false,
  "portalSearchingRange": 128,
  "serverSideNormalChunkLoading": true,
  "teleportationDebug": false,
  "looseMovementCheck": false,
  "chunkPacketDebug": false,
  "enableImmPtlChunkLoading": false,
  "disabledWarnings": [
    "entityculling",
    "iris",
    "voicechat",
    "essential-container",
    "sound_physics_remastered",
    "many_mods"
  ]
}