{
    "name": "Unstable Gateway",
    "description": "Allows you to teleport a distance forward",
    "type": "origins:multiple",
    "key0": {
        "type": "origins:active_self",
        "entity_action": {
            "type": "origins:raycast",
            "distance": 150,
            "block": true,
            "entity": true,
            "shape_type": "outline",
            "fluid_handling": "any",
            "hit_action": {
                "type": "origins:and",
                "actions": [
                    {
                        "type": "origins:execute_command",
                        "command": "function aquawarper:unstablejumpfunction_a"
                    },
                    {
                        "type": "origins:delay",
                        "action": {
                            "type": "origins:execute_command",
                            "command": "execute as @e[limit=1,type=minecraft:armor_stand,name=JumpA,sort=nearest] run portal cb_make_portal 1.75 2.5 @s @e[limit=1,type=minecraft:armor_stand,name=JumpB,sort=nearest] PortalA"
                        },
                        "ticks": 1
                    },
                    {
                        "type": "origins:delay",
                        "action": {
                            "type": "origins:execute_command",
                            "command": "function aquawarper:unstablejumpfunction_c"
                        },
                        "ticks": 2
                    },
                    {
                        "type": "origins:delay",
                        "action": {
                            "type": "origins:execute_command",
                            "command": "function aquawarper:purgeportals"
                        },
                        "ticks": 49
                    }
                ]
            },
            "command_at_hit": "function aquawarper:unstablejumpfunction_b"
        },
        "cooldown": 50,
        "hud_render": {
            "should_render": true,
            "sprite_location": "origins:textures/gui/community/huang/resource_bar_01.png",
            "bar_index": 0
        },
        "key": {
            "key": "key.origins.primary_active"
        }
    }
}