{
    "name": "Crafting",
    "description": "dimensional entanglement Items",
    "hidden": true,
    "type": "origins:multiple",
    "key1": {
        "condition": {
            "type": "origins:equipped_item",
            "equipment_slot": "mainhand",
            "item_condition": {
                "type": "origins:ingredient",
                "ingredient": {
                    "item": "fwaystones:abyss_watcher"
                }
            }
        },
        "type": "origins:action_on_hit",
        "bientity_action": {
            "type": "origins:actor_action",
            "action": {
                "type": "origins:raycast",
                "distance": 10,
                "block": true,
                "entity": true,
                "shape_type": "visual",
                "fluid_handling": "any",
                "hit_action": {
                    "type": "origins:play_sound",
                    "sound": "minecraft:entity.enderman.teleport",
                    "volume": 0.75,
                    "pitch": 2
                },
                "command_at_hit": "function aquawarper:kitem1"
            }
        },
        "cooldown": 1
    },
    "key2": {
        "condition": {
            "type": "origins:equipped_item",
            "equipment_slot": "mainhand",
            "item_condition": {
                "type": "origins:ingredient",
                "ingredient": {
                    "item": "minecraft:amethyst_cluster"
                }
            }
        },
        "type": "origins:action_on_hit",
        "bientity_action": {
            "type": "origins:actor_action",
            "action": {
                "type": "origins:raycast",
                "distance": 10,
                "block": true,
                "entity": true,
                "shape_type": "visual",
                "fluid_handling": "any",
                "hit_action": {
                    "type": "origins:play_sound",
                    "sound": "minecraft:entity.enderman.teleport",
                    "volume": 0.75,
                    "pitch": 2
                },
                "command_at_hit": "function aquawarper:kitem2"
            }
        },
        "cooldown": 1
    },
    "key3": {
        "condition": {
            "type": "origins:equipped_item",
            "equipment_slot": "mainhand",
            "item_condition": {
                "type": "origins:ingredient",
                "ingredient": {
                    "item": "fwaystones:void_totem"
                }
            }
        },
        "type": "origins:action_on_hit",
        "bientity_action": {
            "type": "origins:actor_action",
            "action": {
                "type": "origins:raycast",
                "distance": 10,
                "block": true,
                "entity": true,
                "shape_type": "visual",
                "fluid_handling": "any",
                "hit_action": {
                    "type": "origins:play_sound",
                    "sound": "minecraft:entity.enderman.teleport",
                    "volume": 0.75,
                    "pitch": 2
                },
                "command_at_hit": "function aquawarper:kitem3"
            }
        },
        "cooldown": 1
    },
    "key4": {
        "condition": {
            "type": "origins:equipped_item",
            "equipment_slot": "mainhand",
            "item_condition": {
                "type": "origins:ingredient",
                "ingredient": {
                    "item": "minecraft:dragon_egg"
                }
            }
        },
        "type": "origins:action_on_hit",
        "bientity_action": {
            "type": "origins:actor_action",
            "action": {
                "type": "origins:raycast",
                "distance": 10,
                "block": true,
                "entity": true,
                "shape_type": "visual",
                "fluid_handling": "any",
                "hit_action": {
                    "type": "origins:play_sound",
                    "sound": "minecraft:entity.enderman.teleport",
                    "volume": 0.75,
                    "pitch": 2
                },
                "command_at_hit": "function aquawarper:kitem4"
            }
        },
        "cooldown": 1
    }
}